{
  "bm25": {
    "Recall@5": 0.7303370786516854,
    "MRR": 0.5256554307116106,
    "nDCG@5": 0.34547908920360615
  },
  "dense": {
    "Recall@5": 0.7191011235955056,
    "MRR": 0.5262172284644195,
    "nDCG@5": 0.33321377354518655
  },
  "hybrid": {
    "Recall@5": 0.7415730337078652,
    "MRR": 0.5737827715355807,
    "nDCG@5": 0.3565528681455735
  }
}