{
  "bm25": {
    "Recall@5": 0.7078651685393258,
    "MRR": 0.5408239700374534,
    "nDCG@5": 0.3199597960136253
  },
  "dense": {
    "Recall@5": 0.7415730337078652,
    "MRR": 0.5687265917602996,
    "nDCG@5": 0.3624536422570457
  },
  "hybrid": {
    "Recall@5": 0.7865168539325843,
    "MRR": 0.5786516853932586,
    "nDCG@5": 0.36637817124810945
  }
}