{
  "bm25": {
    "Recall@5": 0.7191011235955056,
    "MRR": 0.6028089887640451,
    "nDCG@5": 0.40453596274182596
  },
  "dense": {
    "Recall@5": 0.8764044943820225,
    "MRR": 0.7292134831460675,
    "nDCG@5": 0.5011611702748392
  },
  "hybrid": {
    "Recall@5": 0.8426966292134831,
    "MRR": 0.6882022471910113,
    "nDCG@5": 0.47964539931627564
  }
}