{
  "bm25": {
    "Recall@5": 0.7865168539325843,
    "MRR": 0.6250936329588017,
    "nDCG@5": 0.38295671872942544
  },
  "dense": {
    "Recall@5": 0.8426966292134831,
    "MRR": 0.6237827715355806,
    "nDCG@5": 0.4075174729908683
  },
  "hybrid": {
    "Recall@5": 0.8539325842696629,
    "MRR": 0.6795880149812735,
    "nDCG@5": 0.4299414294108995
  }
}