{
  "bm25": {
    "Recall@5": 0.6741573033707865,
    "MRR": 0.5250936329588016,
    "nDCG@5": 0.32402560539984315
  },
  "dense": {
    "Recall@5": 0.7640449438202247,
    "MRR": 0.5625468164794007,
    "nDCG@5": 0.38181488674426173
  },
  "hybrid": {
    "Recall@5": 0.8202247191011236,
    "MRR": 0.5981273408239701,
    "nDCG@5": 0.37660000218027445
  }
}