{
  "bm25": {
    "Recall@5": 0.7528089887640449,
    "MRR": 0.611797752808989,
    "nDCG@5": 0.3694846090376028
  },
  "dense": {
    "Recall@5": 0.8314606741573034,
    "MRR": 0.6848314606741575,
    "nDCG@5": 0.44260801113636866
  },
  "hybrid": {
    "Recall@5": 0.8202247191011236,
    "MRR": 0.6670411985018727,
    "nDCG@5": 0.4166048214898348
  }
}