{
  "bm25": {
    "Recall@5": 0.7303370786516854,
    "MRR": 0.600936329588015,
    "nDCG@5": 0.35473335697058583
  },
  "dense": {
    "Recall@5": 0.8764044943820225,
    "MRR": 0.6865168539325843,
    "nDCG@5": 0.4342003139913366
  },
  "hybrid": {
    "Recall@5": 0.8314606741573034,
    "MRR": 0.6629213483146067,
    "nDCG@5": 0.42060131787877386
  }
}