{
  "bm25": {
    "Recall@5": 0.6741573033707865,
    "MRR": 0.5250936329588016,
    "nDCG@5": 0.3228833336274276
  },
  "dense": {
    "Recall@5": 0.7640449438202247,
    "MRR": 0.5662921348314608,
    "nDCG@5": 0.3824664026941287
  },
  "hybrid": {
    "Recall@5": 0.8202247191011236,
    "MRR": 0.5943820224719103,
    "nDCG@5": 0.3777237769689615
  }
}