{
  "bm25": {
    "Recall@5": 0.7078651685393258,
    "MRR": 0.554494382022472,
    "nDCG@5": 0.3295499269634568
  },
  "dense": {
    "Recall@5": 0.7752808988764045,
    "MRR": 0.5651685393258429,
    "nDCG@5": 0.37090663244595623
  },
  "hybrid": {
    "Recall@5": 0.8089887640449438,
    "MRR": 0.5786516853932584,
    "nDCG@5": 0.36757530888116113
  }
}