{
  "bm25": {
    "Recall@5": 0.7303370786516854,
    "MRR": 0.5921348314606742,
    "nDCG@5": 0.40740423340031606
  },
  "dense": {
    "Recall@5": 0.8314606741573034,
    "MRR": 0.6823970037453185,
    "nDCG@5": 0.4524922366289355
  },
  "hybrid": {
    "Recall@5": 0.8314606741573034,
    "MRR": 0.6677902621722848,
    "nDCG@5": 0.4446739922855922
  }
}