{
  "bm25": {
    "Recall@5": 0.7415730337078652,
    "MRR": 0.5998127340823971,
    "nDCG@5": 0.3699760493737351
  },
  "dense": {
    "Recall@5": 0.8089887640449438,
    "MRR": 0.6741573033707866,
    "nDCG@5": 0.4475029623376172
  },
  "hybrid": {
    "Recall@5": 0.8314606741573034,
    "MRR": 0.6539325842696629,
    "nDCG@5": 0.43299186319285177
  }
}