{
  "bm25": {
    "Recall@5": 0.7415730337078652,
    "MRR": 0.5868913857677904,
    "nDCG@5": 0.41498699421653856
  },
  "dense": {
    "Recall@5": 0.8202247191011236,
    "MRR": 0.6679775280898879,
    "nDCG@5": 0.47921686796459556
  },
  "hybrid": {
    "Recall@5": 0.8426966292134831,
    "MRR": 0.655805243445693,
    "nDCG@5": 0.4727164269206999
  }
}