{
  "bm25": {
    "Recall@5": 0.7528089887640449,
    "MRR": 0.5803370786516855,
    "nDCG@5": 0.3864037444085
  },
  "dense": {
    "Recall@5": 0.797752808988764,
    "MRR": 0.6573033707865169,
    "nDCG@5": 0.40695219469713023
  },
  "hybrid": {
    "Recall@5": 0.8314606741573034,
    "MRR": 0.6445692883895133,
    "nDCG@5": 0.4108664054580453
  }
}