{
  "bm25": {
    "Recall@5": 0.7303370786516854,
    "MRR": 0.5981273408239701,
    "nDCG@5": 0.3840221993644149
  },
  "dense": {
    "Recall@5": 0.8202247191011236,
    "MRR": 0.6320224719101125,
    "nDCG@5": 0.44268185267477594
  },
  "hybrid": {
    "Recall@5": 0.7865168539325843,
    "MRR": 0.6608614232209739,
    "nDCG@5": 0.4309832131301119
  }
}