{
  "bm25": {
    "Recall@5": 0.7528089887640449,
    "MRR": 0.5760299625468166,
    "nDCG@5": 0.3691904475989847
  },
  "dense": {
    "Recall@5": 0.8876404494382022,
    "MRR": 0.6709737827715356,
    "nDCG@5": 0.4393493484819143
  },
  "hybrid": {
    "Recall@5": 0.8202247191011236,
    "MRR": 0.6333333333333335,
    "nDCG@5": 0.41631957389261237
  }
}