{
  "bm25": {
    "Recall@5": 0.7303370786516854,
    "MRR": 0.5288389513108616,
    "nDCG@5": 0.32334261477585347
  },
  "dense": {
    "Recall@5": 0.7303370786516854,
    "MRR": 0.5647940074906369,
    "nDCG@5": 0.3577650019111331
  },
  "hybrid": {
    "Recall@5": 0.8089887640449438,
    "MRR": 0.5724719101123596,
    "nDCG@5": 0.3589708251812882
  }
}