{
  "bm25": {
    "Recall@5": 0.6966292134831461,
    "MRR": 0.5464419475655431,
    "nDCG@5": 0.32994850497126177
  },
  "dense": {
    "Recall@5": 0.7415730337078652,
    "MRR": 0.5569288389513108,
    "nDCG@5": 0.37543007340676504
  },
  "hybrid": {
    "Recall@5": 0.7640449438202247,
    "MRR": 0.5642322097378278,
    "nDCG@5": 0.3576054650910927
  }
}