{
  "bm25": {
    "Recall@5": 0.7078651685393258,
    "MRR": 0.5395131086142323,
    "nDCG@5": 0.3352355775425198
  },
  "dense": {
    "Recall@5": 0.7752808988764045,
    "MRR": 0.5539325842696631,
    "nDCG@5": 0.35967897480521577
  },
  "hybrid": {
    "Recall@5": 0.8202247191011236,
    "MRR": 0.5893258426966294,
    "nDCG@5": 0.3725669445835474
  }
}