{
  "bm25": {
    "Recall@5": 0.7191011235955056,
    "MRR": 0.5189138576779028,
    "nDCG@5": 0.3139831804071465
  },
  "dense": {
    "Recall@5": 0.7528089887640449,
    "MRR": 0.5795880149812735,
    "nDCG@5": 0.362838905587596
  },
  "hybrid": {
    "Recall@5": 0.797752808988764,
    "MRR": 0.5676029962546817,
    "nDCG@5": 0.35962628545585373
  }
}