{
  "bm25": {
    "Recall@5": 0.6853932584269663,
    "MRR": 0.5408239700374533,
    "nDCG@5": 0.3306851009959323
  },
  "dense": {
    "Recall@5": 0.7640449438202247,
    "MRR": 0.5544943820224719,
    "nDCG@5": 0.3569037045767218
  },
  "hybrid": {
    "Recall@5": 0.7865168539325843,
    "MRR": 0.5732209737827715,
    "nDCG@5": 0.370314596479801
  }
}