{
  "bm25": {
    "Recall@5": 0.7415730337078652,
    "MRR": 0.6202247191011238,
    "nDCG@5": 0.3923549419579599
  },
  "dense": {
    "Recall@5": 0.8202247191011236,
    "MRR": 0.6734082397003747,
    "nDCG@5": 0.47399650454166997
  },
  "hybrid": {
    "Recall@5": 0.8426966292134831,
    "MRR": 0.6764044943820225,
    "nDCG@5": 0.45508411683857636
  }
}