{
  "bm25": {
    "Recall@5": 0.6741573033707865,
    "MRR": 0.5258426966292136,
    "nDCG@5": 0.3320084584339288
  },
  "dense": {
    "Recall@5": 0.7415730337078652,
    "MRR": 0.554868913857678,
    "nDCG@5": 0.3525319942143038
  },
  "hybrid": {
    "Recall@5": 0.7303370786516854,
    "MRR": 0.5443820224719103,
    "nDCG@5": 0.36125965206904564
  }
}