{
  "bm25": {
    "Recall@5": 0.7078651685393258,
    "MRR": 0.600561797752809,
    "nDCG@5": 0.3730271993370143
  },
  "dense": {
    "Recall@5": 0.8314606741573034,
    "MRR": 0.7123595505617978,
    "nDCG@5": 0.4305764147119979
  },
  "hybrid": {
    "Recall@5": 0.8314606741573034,
    "MRR": 0.6711610486891386,
    "nDCG@5": 0.42573787814948766
  }
}