{
  "bm25": {
    "Recall@5": 0.6741573033707865,
    "MRR": 0.5295880149812735,
    "nDCG@5": 0.31974178741247195
  },
  "dense": {
    "Recall@5": 0.7752808988764045,
    "MRR": 0.5810861423220974,
    "nDCG@5": 0.37829545345365057
  },
  "hybrid": {
    "Recall@5": 0.8089887640449438,
    "MRR": 0.5945692883895133,
    "nDCG@5": 0.3735826636728767
  }
}