{
  "bm25": {
    "Recall@5": 0.7528089887640449,
    "MRR": 0.556554307116105,
    "nDCG@5": 0.36204735868923454
  },
  "dense": {
    "Recall@5": 0.8539325842696629,
    "MRR": 0.6610486891385768,
    "nDCG@5": 0.42075382711095133
  },
  "hybrid": {
    "Recall@5": 0.8426966292134831,
    "MRR": 0.652996254681648,
    "nDCG@5": 0.41939468702011923
  }
}