{
  "bm25": {
    "Recall@5": 0.6741573033707865,
    "MRR": 0.5219101123595506,
    "nDCG@5": 0.320603451788501
  },
  "dense": {
    "Recall@5": 0.7640449438202247,
    "MRR": 0.5794007490636705,
    "nDCG@5": 0.3913618059483294
  },
  "hybrid": {
    "Recall@5": 0.8202247191011236,
    "MRR": 0.5925093632958802,
    "nDCG@5": 0.3774890083251007
  }
}