{
  "bm25": {
    "Recall@5": 0.7078651685393258,
    "MRR": 0.4966292134831462,
    "nDCG@5": 0.3119519007892118
  },
  "dense": {
    "Recall@5": 0.7415730337078652,
    "MRR": 0.5533707865168541,
    "nDCG@5": 0.346998449143884
  },
  "hybrid": {
    "Recall@5": 0.6966292134831461,
    "MRR": 0.5621722846441948,
    "nDCG@5": 0.35612168808799516
  }
}