{
  "bm25": {
    "Recall@5": 0.7303370786516854,
    "MRR": 0.5511235955056181,
    "nDCG@5": 0.33334476087388953
  },
  "dense": {
    "Recall@5": 0.7528089887640449,
    "MRR": 0.5297752808988765,
    "nDCG@5": 0.3521347752373111
  },
  "hybrid": {
    "Recall@5": 0.7528089887640449,
    "MRR": 0.5799625468164795,
    "nDCG@5": 0.35565018894431605
  }
}