{
  "bm25": {
    "Recall@5": 0.7303370786516854,
    "MRR": 0.6044943820224721,
    "nDCG@5": 0.4000730415963106
  },
  "dense": {
    "Recall@5": 0.797752808988764,
    "MRR": 0.6370786516853933,
    "nDCG@5": 0.44454326848259745
  },
  "hybrid": {
    "Recall@5": 0.7865168539325843,
    "MRR": 0.6458801498127342,
    "nDCG@5": 0.4427215363511505
  }
}