{
  "bm25": {
    "Recall@5": 0.7528089887640449,
    "MRR": 0.6003745318352062,
    "nDCG@5": 0.39579007761553897
  },
  "dense": {
    "Recall@5": 0.8426966292134831,
    "MRR": 0.6471910112359551,
    "nDCG@5": 0.45572554577168567
  },
  "hybrid": {
    "Recall@5": 0.8539325842696629,
    "MRR": 0.6681647940074908,
    "nDCG@5": 0.4556795043233399
  }
}