{
  "bm25": {
    "Recall@5": 0.6853932584269663,
    "MRR": 0.5316479400749065,
    "nDCG@5": 0.31984776155010003
  },
  "dense": {
    "Recall@5": 0.7640449438202247,
    "MRR": 0.5756554307116105,
    "nDCG@5": 0.36893082351405143
  },
  "hybrid": {
    "Recall@5": 0.797752808988764,
    "MRR": 0.5838951310861424,
    "nDCG@5": 0.36798468012436447
  }
}