{
  "bm25": {
    "Recall@5": 0.6966292134831461,
    "MRR": 0.5269662921348315,
    "nDCG@5": 0.3160288193738184
  },
  "dense": {
    "Recall@5": 0.7078651685393258,
    "MRR": 0.5657303370786518,
    "nDCG@5": 0.36167656232259127
  },
  "hybrid": {
    "Recall@5": 0.7640449438202247,
    "MRR": 0.5591760299625469,
    "nDCG@5": 0.3610336324934697
  }
}