{
  "bm25": {
    "Recall@5": 0.7528089887640449,
    "MRR": 0.5949438202247193,
    "nDCG@5": 0.39309748746642814
  },
  "dense": {
    "Recall@5": 0.8426966292134831,
    "MRR": 0.6898876404494383,
    "nDCG@5": 0.46443322085661687
  },
  "hybrid": {
    "Recall@5": 0.8539325842696629,
    "MRR": 0.6552434456928841,
    "nDCG@5": 0.4464198337153728
  }
}