{
  "bm25": {
    "Recall@5": 0.6741573033707865,
    "MRR": 0.5260299625468166,
    "nDCG@5": 0.32763546554993944
  },
  "dense": {
    "Recall@5": 0.7752808988764045,
    "MRR": 0.5750936329588016,
    "nDCG@5": 0.3793930315926625
  },
  "hybrid": {
    "Recall@5": 0.7752808988764045,
    "MRR": 0.5921348314606741,
    "nDCG@5": 0.37344216624764887
  }
}