{
  "bm25": {
    "Recall@5": 0.6741573033707865,
    "MRR": 0.5310861423220975,
    "nDCG@5": 0.3266385996499797
  },
  "dense": {
    "Recall@5": 0.7640449438202247,
    "MRR": 0.5685393258426966,
    "nDCG@5": 0.37263678155498126
  },
  "hybrid": {
    "Recall@5": 0.7865168539325843,
    "MRR": 0.5799625468164795,
    "nDCG@5": 0.37394413824340983
  }
}