{
  "bm25": {
    "Recall@5": 0.6966292134831461,
    "MRR": 0.554494382022472,
    "nDCG@5": 0.3245820840765329
  },
  "dense": {
    "Recall@5": 0.7303370786516854,
    "MRR": 0.5619850187265918,
    "nDCG@5": 0.3603621245452889
  },
  "hybrid": {
    "Recall@5": 0.797752808988764,
    "MRR": 0.5775280898876405,
    "nDCG@5": 0.3617853676764654
  }
}