{
  "bm25": {
    "Recall@5": 0.7303370786516854,
    "MRR": 0.5799625468164795,
    "nDCG@5": 0.38811479094456
  },
  "dense": {
    "Recall@5": 0.8089887640449438,
    "MRR": 0.6576779026217229,
    "nDCG@5": 0.42461552683083975
  },
  "hybrid": {
    "Recall@5": 0.8314606741573034,
    "MRR": 0.659550561797753,
    "nDCG@5": 0.42231456969954584
  }
}