{
  "bm25": {
    "Recall@5": 0.7191011235955056,
    "MRR": 0.6303370786516855,
    "nDCG@5": 0.3959875121218947
  },
  "dense": {
    "Recall@5": 0.8539325842696629,
    "MRR": 0.7202247191011235,
    "nDCG@5": 0.473312031911046
  },
  "hybrid": {
    "Recall@5": 0.8426966292134831,
    "MRR": 0.6788389513108616,
    "nDCG@5": 0.46160272697780214
  }
}