{
  "bm25": {
    "Recall@5": 0.7640449438202247,
    "MRR": 0.6153558052434458,
    "nDCG@5": 0.38236775634923215
  },
  "dense": {
    "Recall@5": 0.8426966292134831,
    "MRR": 0.6917602996254683,
    "nDCG@5": 0.4464404322563295
  },
  "hybrid": {
    "Recall@5": 0.8539325842696629,
    "MRR": 0.6792134831460674,
    "nDCG@5": 0.4336807430059302
  }
}