{
  "bm25": {
    "Recall@5": 0.7303370786516854,
    "MRR": 0.5889513108614233,
    "nDCG@5": 0.39548003187283337
  },
  "dense": {
    "Recall@5": 0.8202247191011236,
    "MRR": 0.7097378277153559,
    "nDCG@5": 0.45093770559725777
  },
  "hybrid": {
    "Recall@5": 0.8539325842696629,
    "MRR": 0.651123595505618,
    "nDCG@5": 0.45066201799838135
  }
}