{
  "bm25": {
    "Recall@5": 0.651685393258427,
    "MRR": 0.48801498127340837,
    "nDCG@5": 0.30500109621692356
  },
  "dense": {
    "Recall@5": 0.6966292134831461,
    "MRR": 0.5237827715355806,
    "nDCG@5": 0.34426226863677534
  },
  "hybrid": {
    "Recall@5": 0.7415730337078652,
    "MRR": 0.5685393258426967,
    "nDCG@5": 0.36206575205580616
  }
}