{
  "bm25": {
    "Recall@5": 0.6404494382022472,
    "MRR": 0.48202247191011244,
    "nDCG@5": 0.30859963683918895
  },
  "dense": {
    "Recall@5": 0.7415730337078652,
    "MRR": 0.5292134831460675,
    "nDCG@5": 0.3483844384364783
  },
  "hybrid": {
    "Recall@5": 0.7303370786516854,
    "MRR": 0.5376404494382022,
    "nDCG@5": 0.34402061208191603
  }
}