{
  "bm25": {
    "Recall@5": 0.6966292134831461,
    "MRR": 0.5290262172284645,
    "nDCG@5": 0.3273045483514188
  },
  "dense": {
    "Recall@5": 0.7752808988764045,
    "MRR": 0.5825842696629214,
    "nDCG@5": 0.3742068165112202
  },
  "hybrid": {
    "Recall@5": 0.8202247191011236,
    "MRR": 0.5730337078651687,
    "nDCG@5": 0.3745063006314857
  }
}