{
  "bm25": {
    "Recall@5": 0.7528089887640449,
    "MRR": 0.6031835205992512,
    "nDCG@5": 0.38489949492606473
  },
  "dense": {
    "Recall@5": 0.8539325842696629,
    "MRR": 0.7314606741573033,
    "nDCG@5": 0.43464865828131066
  },
  "hybrid": {
    "Recall@5": 0.8426966292134831,
    "MRR": 0.6904494382022472,
    "nDCG@5": 0.4408825443879299
  }
}