{
  "bm25": {
    "Recall@5": 0.7752808988764045,
    "MRR": 0.6181647940074908,
    "nDCG@5": 0.3912156173792796
  },
  "dense": {
    "Recall@5": 0.7752808988764045,
    "MRR": 0.6303370786516855,
    "nDCG@5": 0.41516498026992416
  },
  "hybrid": {
    "Recall@5": 0.8089887640449438,
    "MRR": 0.6421348314606743,
    "nDCG@5": 0.4317340744299145
  }
}