{
  "bm25": {
    "Recall@5": 0.7303370786516854,
    "MRR": 0.6074906367041198,
    "nDCG@5": 0.37445577106615846
  },
  "dense": {
    "Recall@5": 0.8426966292134831,
    "MRR": 0.6752808988764046,
    "nDCG@5": 0.4466829954196907
  },
  "hybrid": {
    "Recall@5": 0.8202247191011236,
    "MRR": 0.6741573033707867,
    "nDCG@5": 0.4393649932315055
  }
}