{
  "bm25": {
    "Recall@5": 0.7528089887640449,
    "MRR": 0.6234082397003746,
    "nDCG@5": 0.3736006784112355
  },
  "dense": {
    "Recall@5": 0.8539325842696629,
    "MRR": 0.702059925093633,
    "nDCG@5": 0.4423560383395165
  },
  "hybrid": {
    "Recall@5": 0.8426966292134831,
    "MRR": 0.6720973782771538,
    "nDCG@5": 0.4318430137864248
  }
}