{
  "bm25": {
    "Recall@5": 0.6629213483146067,
    "MRR": 0.48426966292134843,
    "nDCG@5": 0.31447603735077456
  },
  "dense": {
    "Recall@5": 0.7078651685393258,
    "MRR": 0.50561797752809,
    "nDCG@5": 0.33247327347652356
  },
  "hybrid": {
    "Recall@5": 0.7415730337078652,
    "MRR": 0.5102996254681649,
    "nDCG@5": 0.3334238560803487
  }
}