{
  "bm25": {
    "Recall@5": 0.7191011235955056,
    "MRR": 0.5189138576779028,
    "nDCG@5": 0.31575618436289155
  },
  "dense": {
    "Recall@5": 0.7865168539325843,
    "MRR": 0.6132958801498128,
    "nDCG@5": 0.4105021035041716
  },
  "hybrid": {
    "Recall@5": 0.8314606741573034,
    "MRR": 0.603932584269663,
    "nDCG@5": 0.3833953401320846
  }
}