{
  "bm25": {
    "Recall@5": 0.6966292134831461,
    "MRR": 0.5269662921348315,
    "nDCG@5": 0.3160288193738184
  },
  "dense": {
    "Recall@5": 0.7191011235955056,
    "MRR": 0.5897003745318352,
    "nDCG@5": 0.3897242943475568
  },
  "hybrid": {
    "Recall@5": 0.8089887640449438,
    "MRR": 0.5945692883895133,
    "nDCG@5": 0.38592268043540323
  }
}