{
  "bm25": {
    "Recall@5": 0.7191011235955056,
    "MRR": 0.6028089887640451,
    "nDCG@5": 0.40453596274182596
  },
  "dense": {
    "Recall@5": 0.8651685393258427,
    "MRR": 0.7220973782771537,
    "nDCG@5": 0.5219869582462393
  },
  "hybrid": {
    "Recall@5": 0.8314606741573034,
    "MRR": 0.6795880149812735,
    "nDCG@5": 0.4638078637539158
  }
}