{
  "bm25": {
    "Recall@5": 0.7078651685393258,
    "MRR": 0.4966292134831462,
    "nDCG@5": 0.3131029085356946
  },
  "dense": {
    "Recall@5": 0.7528089887640449,
    "MRR": 0.6181647940074907,
    "nDCG@5": 0.3924558975911841
  },
  "hybrid": {
    "Recall@5": 0.7640449438202247,
    "MRR": 0.5943820224719102,
    "nDCG@5": 0.37620390743400434
  }
}