{
  "bm25": {
    "Recall@5": 0.6741573033707865,
    "MRR": 0.5219101123595506,
    "nDCG@5": 0.320603451788501
  },
  "dense": {
    "Recall@5": 0.7640449438202247,
    "MRR": 0.606367041198502,
    "nDCG@5": 0.40981096538041023
  },
  "hybrid": {
    "Recall@5": 0.7865168539325843,
    "MRR": 0.6067415730337079,
    "nDCG@5": 0.39060039736623325
  }
}