{
  "bm25": {
    "Recall@5": 0.6966292134831461,
    "MRR": 0.5464419475655431,
    "nDCG@5": 0.32994850497126177
  },
  "dense": {
    "Recall@5": 0.7752808988764045,
    "MRR": 0.60374531835206,
    "nDCG@5": 0.4050430999671984
  },
  "hybrid": {
    "Recall@5": 0.7865168539325843,
    "MRR": 0.5941947565543072,
    "nDCG@5": 0.38494693219404275
  }
}