{
  "bm25": {
    "Recall@5": 0.7078651685393258,
    "MRR": 0.600561797752809,
    "nDCG@5": 0.3871610963243348
  },
  "dense": {
    "Recall@5": 0.8202247191011236,
    "MRR": 0.6988764044943822,
    "nDCG@5": 0.47384231606190785
  },
  "hybrid": {
    "Recall@5": 0.7752808988764045,
    "MRR": 0.6647940074906368,
    "nDCG@5": 0.43667525543830643
  }
}