{
  "bm25": {
    "Recall@5": 0.7528089887640449,
    "MRR": 0.6031835205992512,
    "nDCG@5": 0.3897209528047348
  },
  "dense": {
    "Recall@5": 0.8651685393258427,
    "MRR": 0.7147940074906368,
    "nDCG@5": 0.47604544127473286
  },
  "hybrid": {
    "Recall@5": 0.8314606741573034,
    "MRR": 0.6705992509363297,
    "nDCG@5": 0.4484068375585922
  }
}