{
  "bm25": {
    "Recall@5": 0.6741573033707865,
    "MRR": 0.5250936329588016,
    "nDCG@5": 0.3228833336274276
  },
  "dense": {
    "Recall@5": 0.7640449438202247,
    "MRR": 0.6076779026217229,
    "nDCG@5": 0.40850375408623074
  },
  "hybrid": {
    "Recall@5": 0.797752808988764,
    "MRR": 0.6095505617977529,
    "nDCG@5": 0.3905730525505354
  }
}