{
  "bm25": {
    "Recall@5": 0.6741573033707865,
    "MRR": 0.5258426966292136,
    "nDCG@5": 0.3320084584339288
  },
  "dense": {
    "Recall@5": 0.7865168539325843,
    "MRR": 0.6247191011235956,
    "nDCG@5": 0.3940281307054561
  },
  "hybrid": {
    "Recall@5": 0.8089887640449438,
    "MRR": 0.5797752808988765,
    "nDCG@5": 0.38042798201020767
  }
}