{
  "bm25": {
    "Recall@5": 0.7303370786516854,
    "MRR": 0.5511235955056181,
    "nDCG@5": 0.33334476087388953
  },
  "dense": {
    "Recall@5": 0.7640449438202247,
    "MRR": 0.6037453183520599,
    "nDCG@5": 0.4038969818652972
  },
  "hybrid": {
    "Recall@5": 0.8089887640449438,
    "MRR": 0.6114232209737829,
    "nDCG@5": 0.3922563601273104
  }
}