{
  "bm25": {
    "Recall@5": 0.7415730337078652,
    "MRR": 0.5868913857677904,
    "nDCG@5": 0.41498699421653856
  },
  "dense": {
    "Recall@5": 0.8876404494382022,
    "MRR": 0.717415730337079,
    "nDCG@5": 0.5207520518200228
  },
  "hybrid": {
    "Recall@5": 0.8314606741573034,
    "MRR": 0.6790262172284646,
    "nDCG@5": 0.48567933657101453
  }
}