{
  "bm25": {
    "Recall@5": 0.7528089887640449,
    "MRR": 0.5803370786516855,
    "nDCG@5": 0.38880686635460904
  },
  "dense": {
    "Recall@5": 0.8314606741573034,
    "MRR": 0.697940074906367,
    "nDCG@5": 0.4631762329080645
  },
  "hybrid": {
    "Recall@5": 0.8539325842696629,
    "MRR": 0.6619850187265919,
    "nDCG@5": 0.44021699899653316
  }
}