{
  "bm25": {
    "Recall@5": 0.7303370786516854,
    "MRR": 0.5921348314606742,
    "nDCG@5": 0.40740423340031606
  },
  "dense": {
    "Recall@5": 0.8539325842696629,
    "MRR": 0.6898876404494383,
    "nDCG@5": 0.4944162036705657
  },
  "hybrid": {
    "Recall@5": 0.8089887640449438,
    "MRR": 0.6500000000000001,
    "nDCG@5": 0.4637583966792115
  }
}