{
  "bm25": {
    "Recall@5": 0.7191011235955056,
    "MRR": 0.6303370786516855,
    "nDCG@5": 0.40644931079299795
  },
  "dense": {
    "Recall@5": 0.8651685393258427,
    "MRR": 0.7142322097378279,
    "nDCG@5": 0.5004434697148054
  },
  "hybrid": {
    "Recall@5": 0.8314606741573034,
    "MRR": 0.6779026217228465,
    "nDCG@5": 0.4497253945249833
  }
}