{
  "bm25": {
    "Recall@5": 0.7303370786516854,
    "MRR": 0.5288389513108616,
    "nDCG@5": 0.32334261477585347
  },
  "dense": {
    "Recall@5": 0.7865168539325843,
    "MRR": 0.5825842696629214,
    "nDCG@5": 0.3879856120570558
  },
  "hybrid": {
    "Recall@5": 0.8426966292134831,
    "MRR": 0.5970037453183521,
    "nDCG@5": 0.37292808359012536
  }
}