{
  "bm25": {
    "Recall@5": 0.7752808988764045,
    "MRR": 0.6181647940074908,
    "nDCG@5": 0.3957719202270533
  },
  "dense": {
    "Recall@5": 0.8202247191011236,
    "MRR": 0.656928838951311,
    "nDCG@5": 0.45002064362101313
  },
  "hybrid": {
    "Recall@5": 0.8089887640449438,
    "MRR": 0.6340823970037452,
    "nDCG@5": 0.4462678622341567
  }
}