{
  "bm25": {
    "Recall@5": 0.6741573033707865,
    "MRR": 0.5250936329588016,
    "nDCG@5": 0.32402560539984315
  },
  "dense": {
    "Recall@5": 0.7640449438202247,
    "MRR": 0.606367041198502,
    "nDCG@5": 0.4097190385466784
  },
  "hybrid": {
    "Recall@5": 0.7865168539325843,
    "MRR": 0.6067415730337079,
    "nDCG@5": 0.3918124982607457
  }
}