{
  "bm25": {
    "Recall@5": 0.6741573033707865,
    "MRR": 0.5260299625468166,
    "nDCG@5": 0.32763546554993944
  },
  "dense": {
    "Recall@5": 0.7865168539325843,
    "MRR": 0.6217228464419476,
    "nDCG@5": 0.40528836425874454
  },
  "hybrid": {
    "Recall@5": 0.7865168539325843,
    "MRR": 0.605430711610487,
    "nDCG@5": 0.38456495672019797
  }
}