{
  "bm25": {
    "Recall@5": 0.7078651685393258,
    "MRR": 0.554494382022472,
    "nDCG@5": 0.3295499269634568
  },
  "dense": {
    "Recall@5": 0.7752808988764045,
    "MRR": 0.6114232209737829,
    "nDCG@5": 0.4035239140199891
  },
  "hybrid": {
    "Recall@5": 0.8202247191011236,
    "MRR": 0.6280898876404495,
    "nDCG@5": 0.3975377546242128
  }
}