{
  "bm25": {
    "Recall@5": 0.6853932584269663,
    "MRR": 0.5316479400749065,
    "nDCG@5": 0.3245948710661515
  },
  "dense": {
    "Recall@5": 0.7415730337078652,
    "MRR": 0.5956928838951312,
    "nDCG@5": 0.4025139063065569
  },
  "hybrid": {
    "Recall@5": 0.7865168539325843,
    "MRR": 0.600374531835206,
    "nDCG@5": 0.3914722330228302
  }
}