{
  "bm25": {
    "Recall@5": 0.6853932584269663,
    "MRR": 0.5408239700374533,
    "nDCG@5": 0.3306851009959323
  },
  "dense": {
    "Recall@5": 0.7303370786516854,
    "MRR": 0.5842696629213484,
    "nDCG@5": 0.39182416697924816
  },
  "hybrid": {
    "Recall@5": 0.7752808988764045,
    "MRR": 0.602808988764045,
    "nDCG@5": 0.38776203084397404
  }
}