{
  "bm25": {
    "Recall@5": 0.7303370786516854,
    "MRR": 0.600936329588015,
    "nDCG@5": 0.375515837656833
  },
  "dense": {
    "Recall@5": 0.8764044943820225,
    "MRR": 0.6762172284644196,
    "nDCG@5": 0.4749092275541895
  },
  "hybrid": {
    "Recall@5": 0.8202247191011236,
    "MRR": 0.6827715355805245,
    "nDCG@5": 0.4415002008429935
  }
}