{
  "bm25": {
    "Recall@5": 0.651685393258427,
    "MRR": 0.48801498127340837,
    "nDCG@5": 0.30500109621692356
  },
  "dense": {
    "Recall@5": 0.7415730337078652,
    "MRR": 0.5735955056179778,
    "nDCG@5": 0.3874341646524639
  },
  "hybrid": {
    "Recall@5": 0.7640449438202247,
    "MRR": 0.5640449438202249,
    "nDCG@5": 0.38799604893230116
  }
}