{
  "bm25": {
    "Recall@5": 0.6966292134831461,
    "MRR": 0.554494382022472,
    "nDCG@5": 0.3245820840765329
  },
  "dense": {
    "Recall@5": 0.7752808988764045,
    "MRR": 0.6082397003745319,
    "nDCG@5": 0.4063420745272576
  },
  "hybrid": {
    "Recall@5": 0.8314606741573034,
    "MRR": 0.6166666666666667,
    "nDCG@5": 0.39231482205860213
  }
}