{
  "bm25": {
    "Recall@5": 0.6741573033707865,
    "MRR": 0.5295880149812735,
    "nDCG@5": 0.32519313946177353
  },
  "dense": {
    "Recall@5": 0.7528089887640449,
    "MRR": 0.597565543071161,
    "nDCG@5": 0.40271673988593043
  },
  "hybrid": {
    "Recall@5": 0.7865168539325843,
    "MRR": 0.6048689138576779,
    "nDCG@5": 0.3904605410112176
  }
}