{
  "bm25": {
    "Recall@5": 0.7078651685393258,
    "MRR": 0.5395131086142323,
    "nDCG@5": 0.3352355775425198
  },
  "dense": {
    "Recall@5": 0.7415730337078652,
    "MRR": 0.5906367041198503,
    "nDCG@5": 0.39576868591415165
  },
  "hybrid": {
    "Recall@5": 0.797752808988764,
    "MRR": 0.6026217228464419,
    "nDCG@5": 0.3868084479173427
  }
}