{
  "bm25": {
    "Recall@5": 0.6404494382022472,
    "MRR": 0.48202247191011244,
    "nDCG@5": 0.30859963683918895
  },
  "dense": {
    "Recall@5": 0.7640449438202247,
    "MRR": 0.5911985018726592,
    "nDCG@5": 0.39408725679698436
  },
  "hybrid": {
    "Recall@5": 0.7528089887640449,
    "MRR": 0.5574906367041199,
    "nDCG@5": 0.3694204939977186
  }
}