{
  "bm25": {
    "Recall@5": 0.7528089887640449,
    "MRR": 0.6003745318352062,
    "nDCG@5": 0.4153340042242794
  },
  "dense": {
    "Recall@5": 0.9101123595505618,
    "MRR": 0.7732209737827717,
    "nDCG@5": 0.5733465077826281
  },
  "hybrid": {
    "Recall@5": 0.8651685393258427,
    "MRR": 0.7187265917602998,
    "nDCG@5": 0.5058745869195906
  }
}