{
  "bm25": {
    "Recall@5": 0.7865168539325843,
    "MRR": 0.6250936329588017,
    "nDCG@5": 0.388228802419307
  },
  "dense": {
    "Recall@5": 0.8764044943820225,
    "MRR": 0.7026217228464421,
    "nDCG@5": 0.45136053453080704
  },
  "hybrid": {
    "Recall@5": 0.8651685393258427,
    "MRR": 0.6842696629213484,
    "nDCG@5": 0.43730875919000545
  }
}