{
  "bm25": {
    "Recall@5": 0.7303370786516854,
    "MRR": 0.5889513108614233,
    "nDCG@5": 0.39548003187283337
  },
  "dense": {
    "Recall@5": 0.8202247191011236,
    "MRR": 0.706367041198502,
    "nDCG@5": 0.47661946058070337
  },
  "hybrid": {
    "Recall@5": 0.8651685393258427,
    "MRR": 0.6764044943820225,
    "nDCG@5": 0.45375689073397235
  }
}