{
  "bm25": {
    "Recall@5": 0.7528089887640449,
    "MRR": 0.611797752808989,
    "nDCG@5": 0.3764950449590656
  },
  "dense": {
    "Recall@5": 0.8876404494382022,
    "MRR": 0.7194756554307118,
    "nDCG@5": 0.4932741992909464
  },
  "hybrid": {
    "Recall@5": 0.8651685393258427,
    "MRR": 0.6880149812734082,
    "nDCG@5": 0.44276808342297835
  }
}