{
  "bm25": {
    "Recall@5": 0.7303370786516854,
    "MRR": 0.5799625468164795,
    "nDCG@5": 0.3899424090174276
  },
  "dense": {
    "Recall@5": 0.8314606741573034,
    "MRR": 0.6681647940074908,
    "nDCG@5": 0.4617779797007532
  },
  "hybrid": {
    "Recall@5": 0.8089887640449438,
    "MRR": 0.6683520599250938,
    "nDCG@5": 0.4434408828306329
  }
}