{
  "bm25": {
    "Recall@5": 0.6966292134831461,
    "MRR": 0.5290262172284645,
    "nDCG@5": 0.3273045483514188
  },
  "dense": {
    "Recall@5": 0.7528089887640449,
    "MRR": 0.602059925093633,
    "nDCG@5": 0.4091939478352813
  },
  "hybrid": {
    "Recall@5": 0.7865168539325843,
    "MRR": 0.593258426966292,
    "nDCG@5": 0.3845250297551913
  }
}