{
  "bm25": {
    "Recall@5": 0.7528089887640449,
    "MRR": 0.6234082397003746,
    "nDCG@5": 0.3762006797734419
  },
  "dense": {
    "Recall@5": 0.8651685393258427,
    "MRR": 0.6818352059925094,
    "nDCG@5": 0.47978311489971626
  },
  "hybrid": {
    "Recall@5": 0.8426966292134831,
    "MRR": 0.6985018726591762,
    "nDCG@5": 0.45096537434375966
  }
}