{
  "bm25": {
    "Recall@5": 0.7528089887640449,
    "MRR": 0.5760299625468166,
    "nDCG@5": 0.3691904475989847
  },
  "dense": {
    "Recall@5": 0.797752808988764,
    "MRR": 0.6679775280898878,
    "nDCG@5": 0.4560373097753563
  },
  "hybrid": {
    "Recall@5": 0.8426966292134831,
    "MRR": 0.6543071161048691,
    "nDCG@5": 0.43819330088750197
  }
}