{
  "bm25": {
    "Recall@5": 0.7303370786516854,
    "MRR": 0.6074906367041198,
    "nDCG@5": 0.3759015935184707
  },
  "dense": {
    "Recall@5": 0.8089887640449438,
    "MRR": 0.7123595505617979,
    "nDCG@5": 0.48366861885352513
  },
  "hybrid": {
    "Recall@5": 0.8426966292134831,
    "MRR": 0.6930711610486894,
    "nDCG@5": 0.44669437265287976
  }
}