{
  "bm25": {
    "Recall@5": 0.7528089887640449,
    "MRR": 0.556554307116105,
    "nDCG@5": 0.36204735868923454
  },
  "dense": {
    "Recall@5": 0.8202247191011236,
    "MRR": 0.6764044943820225,
    "nDCG@5": 0.44425726606423105
  },
  "hybrid": {
    "Recall@5": 0.8202247191011236,
    "MRR": 0.6426966292134833,
    "nDCG@5": 0.43763564066604693
  }
}