{
  "bm25": {
    "Recall@5": 0.7303370786516854,
    "MRR": 0.6044943820224721,
    "nDCG@5": 0.4000730415963106
  },
  "dense": {
    "Recall@5": 0.8426966292134831,
    "MRR": 0.708239700374532,
    "nDCG@5": 0.5054022541731938
  },
  "hybrid": {
    "Recall@5": 0.8539325842696629,
    "MRR": 0.6816479400749065,
    "nDCG@5": 0.4648608118617791
  }
}