{
  "bm25": {
    "Recall@5": 0.7303370786516854,
    "MRR": 0.5981273408239701,
    "nDCG@5": 0.3840221993644149
  },
  "dense": {
    "Recall@5": 0.8314606741573034,
    "MRR": 0.6902621722846444,
    "nDCG@5": 0.4716313715797165
  },
  "hybrid": {
    "Recall@5": 0.8202247191011236,
    "MRR": 0.6661048689138578,
    "nDCG@5": 0.4450529479625724
  }
}