{
  "bm25": {
    "Recall@5": 0.7303370786516854,
    "MRR": 0.5256554307116106,
    "nDCG@5": 0.34547908920360615
  },
  "dense": {
    "Recall@5": 0.7528089887640449,
    "MRR": 0.6181647940074907,
    "nDCG@5": 0.3962536446403853
  },
  "hybrid": {
    "Recall@5": 0.7752808988764045,
    "MRR": 0.6089887640449438,
    "nDCG@5": 0.3862385521765168
  }
}