{
  "bm25": {
    "Recall@5": 0.6629213483146067,
    "MRR": 0.48426966292134843,
    "nDCG@5": 0.31447603735077456
  },
  "dense": {
    "Recall@5": 0.7528089887640449,
    "MRR": 0.5730337078651686,
    "nDCG@5": 0.38316946850046335
  },
  "hybrid": {
    "Recall@5": 0.7752808988764045,
    "MRR": 0.5200374531835208,
    "nDCG@5": 0.3491276993398843
  }
}