{
  "bm25": {
    "Recall@5": 0.7078651685393258,
    "MRR": 0.5408239700374534,
    "nDCG@5": 0.3209170955074221
  },
  "dense": {
    "Recall@5": 0.797752808988764,
    "MRR": 0.6279026217228466,
    "nDCG@5": 0.41034659782861743
  },
  "hybrid": {
    "Recall@5": 0.8089887640449438,
    "MRR": 0.5977528089887642,
    "nDCG@5": 0.3855125171778026
  }
}