{
  "bm25": {
    "Recall@5": 0.7640449438202247,
    "MRR": 0.6153558052434458,
    "nDCG@5": 0.4033730971292478
  },
  "dense": {
    "Recall@5": 0.8651685393258427,
    "MRR": 0.6829588014981276,
    "nDCG@5": 0.4855120678179825
  },
  "hybrid": {
    "Recall@5": 0.797752808988764,
    "MRR": 0.6807116104868914,
    "nDCG@5": 0.4563029825758234
  }
}