{
  "bm25": {
    "Recall@5": 0.7528089887640449,
    "MRR": 0.5949438202247193,
    "nDCG@5": 0.4221139048881173
  },
  "dense": {
    "Recall@5": 0.898876404494382,
    "MRR": 0.7372659176029963,
    "nDCG@5": 0.5360636953479375
  },
  "hybrid": {
    "Recall@5": 0.8539325842696629,
    "MRR": 0.6737827715355807,
    "nDCG@5": 0.49573586813851445
  }
}