{
  "bm25": {
    "Recall@5": 0.7415730337078652,
    "MRR": 0.6202247191011238,
    "nDCG@5": 0.3923549419579599
  },
  "dense": {
    "Recall@5": 0.8539325842696629,
    "MRR": 0.6692883895131088,
    "nDCG@5": 0.47295773042610995
  },
  "hybrid": {
    "Recall@5": 0.8426966292134831,
    "MRR": 0.6777153558052436,
    "nDCG@5": 0.45011169169280996
  }
}