{
  "bm25": {
    "Recall@5": 0.7415730337078652,
    "MRR": 0.5998127340823971,
    "nDCG@5": 0.3699760493737351
  },
  "dense": {
    "Recall@5": 0.8651685393258427,
    "MRR": 0.6853932584269664,
    "nDCG@5": 0.4698371579264975
  },
  "hybrid": {
    "Recall@5": 0.8089887640449438,
    "MRR": 0.6449438202247193,
    "nDCG@5": 0.41995380345650274
  }
}