{
  "bm25": {
    "Recall@5": 0.6741573033707865,
    "MRR": 0.5310861423220975,
    "nDCG@5": 0.32796835261678847
  },
  "dense": {
    "Recall@5": 0.7415730337078652,
    "MRR": 0.5938202247191012,
    "nDCG@5": 0.40479657679360337
  },
  "hybrid": {
    "Recall@5": 0.7640449438202247,
    "MRR": 0.6022471910112359,
    "nDCG@5": 0.3861423129967404
  }
}